Price,Close,High,Low,Open,Volume,Close,High,Low,Open,Volume,Close,High,Low,Open,Volume,Close,High,Low,Open,Volume,Close,High,Low,Open,Volume,Close,High,Low,Open,Volume
Ticker,AZN.L,AZN.L,AZN.L,AZN.L,AZN.L,HSBA.L,HSBA.L,HSBA.L,HSBA.L,HSBA.L,SHEL.L,SHEL.L,SHEL.L,SHEL.L,SHEL.L,ULVR.L,ULVR.L,ULVR.L,ULVR.L,ULVR.L,RR.L,RR.L,RR.L,RR.L,RR.L,BATS.L,BATS.L,BATS.L,BATS.L,BATS.L
Date,,,,,,,,,,,,,,,,,,,,,,,,,,,,,,
2025-07-07,10217.291015625,10367.230806519268,10171.29420737302,10359.28116283764,821187,893.5693969726562,895.8690486198932,888.8700716775503,891.6696502492402,17323618,2552.509765625,2585.5034288704464,2541.2218945081495,2584.0037169047446,8324601,4807.4169921875,4836.287313738612,4799.932003601308,4818.109414573019,1484812,969.7598876953125,982.461388848534,962.9601810739028,965.7600530906441,20386921.0,3561.9443359375,3572.9410768006246,3531.953224492615,3531.953224492615,6148681
2025-07-08,10339.2822265625,10385.279033373126,10147.295554657278,10217.290695456057,1762578,899.2685546875,901.8681502222144,895.1691173889311,897.7687739498799,13258641,2603.5,2607.4992319508447,2550.01027265745,2550.01027265745,8254358,4795.65478515625,4799.931851613803,4752.884120580722,4790.308574132776,2034706,966.3600463867188,977.2595588560399,959.3603359626545,974.159711509864,14703561.0,3526.954833984375,3581.9385402964895,3506.9607589617876,3556.9459465182554,3896932
2025-07-09,10361.28125,10375.280278903687,10237.289851138776,10269.287631490059,2459821,905.9675903320312,909.9670059141636,899.6685229954205,900.168449943187,15706147,2626.49560546875,2639.493109416635,2613.9980055188607,2615.9976215108427,7608923,4752.88427734375,4801.001154529778,4743.26099954532,4789.2395875289785,1733793,984.3593139648438,987.5591328008325,970.9598437167706,971.1598476521779,14346514.0,3597.93359375,3657.9397340659534,3546.948705369547,3550.9475201444843,6835411
2025-07-10,10625.2626953125,10677.259087196206,10459.274213529903,10489.272131924348,1490017,919.8655395507812,919.8655395507812,906.5674955864356,911.0668378994557,12701478,2657.489501953125,2667.487581343468,2624.289824852556,2634.9938233248536,7161468,4841.63330078125,4841.870562996517,4768.923172066738,4777.47730485668,2540798,975.3596801757812,989.9590518813833,973.5597058008007,988.9590932431192,17511991.0,3705.901611328125,3711.899833520725,3618.927389535423,3629.9241302218566,6970493
2025-07-11,10449.275390625,10613.264018764952,10423.27719348086,10611.264157446172,1745919,910.366943359375,920.8654089335358,905.1676910602574,917.4658813847414,12557833,2671.487060546875,2672.9867725943377,2647.491667787472,2648.991379834935,6735708,4792.44677734375,4858.7415503441935,4784.962277322617,4840.5636520800945,2049584,987.9591064453125,990.159027593316,975.159648446879,975.559595271206,17886774.0,3786.877685546875,3786.877685546875,3721.896943846625,3738.8919070605366,14385853
2025-07-14,10661.2607421875,10761.25380861207,10483.273083951768,10553.268230448966,1212374,922.8651123046875,925.0648030008019,910.9158700588094,916.3660622180348,12621910,2635.99365234375,2676.4858741984517,2632.494324529146,2667.9875066486998,5037521,4856.60302734375,4857.672171946483,4792.4470282715265,4803.139938880506,1699750,998.3587036132812,999.3586622262623,980.5593914761153,985.9591923992648,9055126.0,3848.859375,3848.859375,3758.886038961039,3786.8777435064935,4585839
2025-07-15,10495.271484375,10713.256353238734,10481.272456099347,10661.259962500595,1440667,919.465576171875,930.0640635990271,918.2658003727041,924.4648454225403,14421861,2620.99658203125,2636.993509482137,2614.9977342371676,2624.995813893972,7935201,4777.47705078125,4844.840476774138,4777.47705078125,4844.840476774138,2917877,990.3590698242188,999.8466535557891,985.1592726458243,998.3587390117079,9296274.0,3816.86865234375,3833.863614913117,3804.8722081771375,3818.868059704852,10195810
2025-07-16,10435.2763671875,10527.269987902453,10319.284410633863,10451.275257746624,1465976,918.2658081054688,929.1641785479534,918.2658081054688,928.3643076663584,13538376,2607.499267578125,2640.992835624086,2603.500035572637,2616.497539590473,4324491,4763.5771484375,4806.347814069065,4763.5771484375,4790.308692408758,2478208,988.359130859375,999.7586225820547,987.3591722328612,989.7590363169159,6815803.0,3871.8525390625,3874.8516502469015,3828.5662950938167,3831.864389937145,4558317
2025-07-17,10311.2841796875,10481.272378925947,10299.285012682432,10393.278487555457,1296345,932.5636596679688,934.5633672855579,925.1647170723953,929.3641152745793,13462228,2608.498779296875,2621.996185782313,2600.5003161943932,2617.9969542310723,4611850,4738.9833984375,4774.269071847796,4735.775476801884,4761.437873499159,3304184,1009.9581909179688,1009.9581909179688,985.1592297237366,988.3591094658443,14094994.0,3811.870361328125,3902.843401685025,3811.870361328125,3863.8549558177824,3284071
2025-07-18,10293.2861328125,10351.282110634836,10233.290293685946,10293.2861328125,1470444,932.8636474609375,933.9634622918225,926.764563351055,932.1637375566305,18707419,2619.496826171875,2646.9915447671906,2619.496826171875,2633.994041431223,5753357,4747.5380859375,4776.408407647036,4716.529475016679,4767.854274414128,2350802,1004.9584350585938,1012.6731428348195,995.9588072819496,1004.458455737669,19732187.0,3810.87060546875,3825.8661613664494,3780.8794936733507,3810.87060546875,2519592
2025-07-21,10231.2900390625,10279.286708518619,10177.293785924367,10265.28767992725,2460332,942.3622436523438,942.3622436523438,928.9641777936359,932.0637613115758,20417553,2612.498291015625,2630.9908334237152,2596.001459097616,2619.9968509783566,10499560,4728.291015625,4746.4684247179985,4698.351552568484,4730.42930460355,1957425,999.9586181640625,1011.4581422729492,993.1589117670729,998.7586556157395,29086199.0,3834.863525390625,3845.860266469691,3789.6069178061325,3820.8676731081773,4101183
2025-07-22,10351.2822265625,10437.276263606971,10197.292904413096,10215.291656352636,2054805,943.7620849609375,947.2615734787112,939.0627596032513,941.1624283034207,16914346,2618.4970703125,2634.4939978134544,2598.500910936307,2598.500910936307,5124328,4756.091796875,4783.892483316576,4707.974923760679,4707.974923760679,2711283,983.1593627929688,1005.9584079434101,968.1599829528582,996.9587800393438,23375842.0,3851.8583984375,3913.8400285187677,3813.8696574199485,3846.8598798825587,3380261
2025-07-23,10673.259765625,10683.25907213205,10465.274190278364,10485.272803292462,1968248,948.0614624023438,949.7612262057089,936.8621103073393,940.8625022521277,16338862,2652.990478515625,2654.9900944783276,2631.4946069165726,2631.4946069165726,4288010,4752.88427734375,4787.100810132727,4741.120269373541,4780.685454331735,1898621,983.359375,989.1591230470876,975.5596485914466,987.5591525644417,11832226.0,3844.860595703125,3856.8570406195154,3789.876889836336,3850.8588181613204,1949172
2025-07-24,10905.2431640625,10999.23664081125,10734.78819695075,10769.252601957924,1827824,960.7595825195312,968.4634124439261,954.3404769061074,957.2600940676823,13057823,2661.98876953125,2682.984737290933,2642.4925137544014,2666.4879054797534,5222486,4807.4169921875,4814.901980773692,4747.538059885723,4772.131314843852,1723223,985.5592041015625,1005.9583846242925,982.3593853026201,989.5590386328718,17480815.0,3911.8408203125,3911.8408203125,3803.8728140273606,3826.866000551048,2649048
2025-07-25,10801.2509765625,10909.243487714948,10765.253472845017,10863.246677409275,6844997,958.2599487304688,960.4355950562142,952.1608036648611,957.0601119121332,10304104,2666.98779296875,2676.985872792438,2645.491921347821,2672.9866408629628,5301385,4775.3388671875,4815.971244926458,4745.399888487279,4813.832467479932,2989625,977.1596069335938,989.3591146944287,974.3597349145413,987.3591973904437,33353364.0,3898.844482421875,3914.839741836939,3871.8524821589544,3907.8418158428485,1725585
2025-07-28,10789.2509765625,11003.236121046688,10698.62738512223,10959.239175451808,5723914,959.6597290039062,963.959088425247,955.1603866039884,958.4598921586808,12621272,2686.484130859375,2686.9840348658618,2651.9907544117946,2679.985378775048,10452144,4734.70654296875,4790.449492975453,4722.944488577415,4787.100483174907,2415675,981.3594360351562,993.158935808598,970.1598870340837,977.9595522380448,48615866.0,3867.853759765625,3887.8478345124104,3844.860573806822,3874.851685927,2146002
2025-07-29,11157.2255859375,11227.22072763096,10743.254319350466,10999.236551829405,5839192,969.8582153320312,978.6469085303894,958.95978417193,959.0598061706947,18609371,2696.482177734375,2720.477569749809,2677.4858257221567,2689.4835217298732,7328692,4738.9833984375,4759.299584537966,4710.113080104609,4711.182712779032,2775948,1005.9583740234375,1008.1473093254651,981.3594163281632,982.7593217797904,25352691.0,3932.83447265625,3937.832991304771,3851.858470550211,3873.8519526037035,5624929
2025-07-30,11497.2021484375,11497.77730383693,11061.232402680085,11061.232402680085,4702408,925.8646850585938,949.3612510401024,920.3654887650492,921.8652695723796,36229610,2678.485595703125,2720.9774351273068,2674.9862677505453,2719.47772314763,5476305,4766.7841796875,4784.962077191307,4721.875228663593,4730.4293610675595,3546056,987.9591064453125,1003.4584648966307,987.9591064453125,995.9587753234123,15746222.0,3986.818359375,3987.017275028387,3912.8402855049526,3948.8296187390297,4101828
2025-07-31,11323.2138671875,11553.197900166406,11247.219143246644,11513.200677039638,2856741,922.6651611328125,932.0718065837106,918.065857631133,921.8652902228994,19221044,2710.4794921875,2772.467588283267,2686.4841001504287,2719.9776682021743,8370693,4713.3212890625,4835.217436708385,4689.797668086254,4790.308483847434,5259484,1071.9556884765625,1108.454179735326,1047.456701193283,1052.956473848713,53131402.0,4038.80322265625,4092.787226127398,3859.856248187075,3920.8381780341124,8646997
2025-08-01,11103.2294921875,11161.225467560958,10845.247394836602,11089.230463649079,2265511,917.765869140625,930.1330188806224,908.6671625313721,920.1654817539415,20515990,2706.47998046875,2735.4744095169926,2688.9833422499823,2707.979692316073,5167404,4844.8408203125,4856.602875155632,4726.152591893553,4772.131178502984,2370272,1064.9559326171875,1079.6313507458135,1037.457070507354,1076.9554360832967,16590695.0,4129.77587890625,4147.770545045275,4044.801066583076,4067.794251094053,4828504
2025-08-04,11135.2275390625,11135.784141075508,10933.241551015568,11107.22948131342,2619721,924.06494140625,929.764120562856,920.0655260017878,922.2652166794892,24997049,2681.485107421875,2714.4787720545824,2668.4876031726267,2695.9823236998827,13027226,4807.4169921875,4859.810935903084,4795.654937008323,4856.603013909876,4355022,1089.9549560546875,1093.9547907558056,1061.9561131468606,1065.955947847979,64270332.0,4182.76025390625,4200.754920390551,4075.7919586940207,4100.784551033326,4813515
2025-08-05,11219.2216796875,11269.218211236908,11153.22625804228,11219.2216796875,1929022,924.8648071289062,932.0637670220757,922.1651895406883,926.0646439488071,14854667,2690.983154296875,2709.479601762783,2667.4876669753157,2682.4847865422685,9901655,4819.1787109375,4826.6632108073145,4786.0313251074385,4795.654602221376,2604354,1072.95556640625,1109.4540549186713,1071.455628522178,1109.4540549186713,19465288.0,4196.75634765625,4226.747460193098,4166.765235119402,4176.762272631685,4687814
2025-08-06,11053.2333984375,11273.218141304902,11053.2333984375,11203.222995847093,1355456,934.0634765625,936.2631672323008,927.4644045530978,929.5641342486405,23676486,2725.976318359375,2754.470844335257,2711.9790073536788,2711.9790073536788,7474270,4827.732421875,4834.148265501956,4783.8926138016,4821.3170664418985,2004018,1087.9549560546875,1092.8177918309948,1076.9723785331828,1091.45481115229,9560948.0,4231.74609375,4234.745205085046,4187.759127502658,4214.751129518072,2611877
2025-08-07,10950.0,11022.0,10810.0,10900.0,5872552,934.0634765625,944.5619419615058,932.2637518422033,943.3621051392294,20878998,2650.49072265625,2708.979484359528,2643.492067409704,2690.4830383507992,12176102,4837.35595703125,4877.987841356875,4828.801824731768,4842.702167669969,2620981,1077.0,1095.5,1067.5,1091.5,58989268.0,4187.7587890625,4241.742788730529,4172.763233599158,4207.752863013622,2565817
2025-08-08,10922.0,11120.0,10876.0,11110.0,3307227,939.1627197265625,939.1627197265625,927.5644393458201,929.3641640909372,15550763,2652.490478515625,2675.486061254358,2634.493935502703,2634.493935502703,9901676,4812.76318359375,4871.572971053969,4802.07076125219,4857.67213853851,1817644,1071.5,1084.3699951171875,1063.0,1078.0,51876753.0,4226.74755859375,4242.742818985779,4187.759111388178,4216.750520848732,2946972
2025-08-11,11036.0,11110.0,10986.0,10992.0,2952554,949.3612060546875,949.3612060546875,943.862010021722,943.862010021722,17436132,2643.9921875,2664.988154956041,2629.4949718755906,2644.4920914870486,4013703,4818.109375,4836.287274016291,4804.209030735441,4818.109375,1372065,1082.0,1082.0,1051.0,1071.5,23366748.0,4312.72216796875,4318.720390733658,4232.745864436645,4240.7434947898555,3143276
2025-08-12,11086.0,11102.0,10994.0,11024.0,2207453,954.560546875,956.3602717205591,948.531398462201,949.0613503308672,19884939,2675.486083984375,2677.4856998916875,2646.4916533283413,2648.491269235654,9676367,4801.0009765625,4841.633351840158,4786.031488119164,4826.663375202958,1797560,1090.5,1091.0,1077.0,1080.0,30126826.0,4286.7294921875,4343.712603440926,4266.735418063491,4313.721492254912,2169044
2025-08-13,11444.0,11444.0,11158.0,11186.0,1598480,955.2604370117188,960.5596504572837,952.3608363017219,959.3598135763802,32025951,2668.9873046875,2675.4860563190673,2649.699994030953,2669.487208659159,5113448,4886.5419921875,4906.858178524272,4797.793235389184,4797.793235389184,3345286,1081.5,1104.27001953125,1081.5,1102.0,34254950.0,4198.75537109375,4295.72662609282,4173.762779599144,4270.734034598214,4460312
2025-08-14,11586.0,11586.0,11404.0,11442.0,2115415,953.8340454101562,954.9339449133895,939.8350137569756,939.9349824278388,14352752,2627.75732421875,2641.7560314253947,2620.7579706154274,2640.7561237677774,5116724,4828.16748046875,4855.971161208501,4802.503257979681,4846.347016745369,2122338,1101.5,1111.5,1088.0,1088.5,12998633.0,4236.744140625,4236.744140625,4188.75836461037,4216.75006728557,4689003
2025-08-15,11592.0,11654.0,11538.0,11618.0,2185395,938.8350830078125,953.2340503766565,935.73526080863,947.0344670092259,25240873,2638.75634765625,2656.2547319245277,2616.758378861844,2646.2556551997977,15746518,4795.017578125,4839.93057761739,4793.948337241335,4822.820770527365,5515766,1074.0,1106.125,1068.5,1105.5,18669581.0,4196.75634765625,4249.740646471349,4126.777085070272,4235.744793954153,5863945
2025-08-18,11738.0,11776.0,11642.0,11696.0,3644208,939.8350219726562,939.8350219726562,928.0357892227977,935.5352705311305,39748110,2632.7568359375,2636.2565127038433,2601.259745040413,2634.25669740879,7863882,4828.16748046875,4828.16748046875,4781.115999040583,4786.462691715896,3225883,1082.0,1083.7669677734375,1068.0,1075.0,67865264.0,4258.73828125,4260.737688893779,4226.74775894953,4236.744797168427,2674167
2025-08-19,11782.0,11831.681640625,11686.0,11710.0,5698126,944.6347045898438,948.4344296876237,939.0350551022772,940.3350140573313,13258252,2652.755126953125,2653.7550346526928,2616.258495918904,2622.757895966094,5088786,4859.1796875,4872.012043696359,4817.474407802363,4835.653457021069,1521508,1059.5,1090.5,1053.0,1085.5,107047042.0,4234.7451171875,4264.7362299154565,4232.745709672303,4256.738599854669,2290921
2025-08-20,11976.0,12044.0,11778.0,11798.0,1329692,964.0333251953125,964.3333532803899,942.8348396235439,945.5346041417473,19731399,2665.75390625,2672.2533062464836,2632.256998575816,2637.7564908805325,10360399,5017.44482421875,5032.416150264018,4884.8443011090985,4890.190994023321,3102787,1026.0,1055.5,1026.0,1050.0,41373129.0,4349.7109375,4363.70678974661,4259.737601628936,4271.734046411744,3962172
2025-08-21,12048.0,12062.0,11900.0,11938.0,768494,967.2330932617188,968.6330208557894,957.4337831960299,960.8335724782386,13109615,2677.252685546875,2683.2521313408174,2666.7536554074754,2678.7525469953607,4078425,5019.58349609375,5026.288466363907,4983.224912313928,5021.7219778372355,2604064,1040.5,1044.239990234375,1028.5,1033.5,31216123.0,4391.69873046875,4399.6963607541475,4306.723908686405,4351.7105790417645,2911923
2025-08-22,11968.0,12126.0,11932.0,11934.0,1009953,967.2330932617188,972.3327771850317,965.5331986206145,967.4330916367196,10967192,2691.75146484375,2705.75017231322,2678.752665050671,2692.2514186819453,3541589,4985.3642578125,5030.277260187128,4982.156046717776,5008.889999952096,2890147,1043.0,1048.8489990234375,1033.5,1038.5,19697453.0,4313.7216796875,4395.6973871578075,4313.7216796875,4391.6985721592555,2909816
2025-08-26,11872.0,12086.2470703125,11778.01953125,11876.0,2980596,960.6336059570312,964.0333343210366,949.234369544282,960.4336075753986,50035992,2706.75,2727.748060583672,2699.7506464721096,2706.2500461765794,12890357,4912.6474609375,4950.075287554407,4890.190960262503,4930.826509663076,6667175,1057.5,1077.5,1040.0,1077.5,36324443.0,4231.74609375,4269.73483732725,4176.762385940822,4206.753499291282,12930663
2025-08-27,11876.0,11970.0,11820.0,11898.0,1352887,954.134033203125,964.5332774673639,951.0342109368056,961.0335194779599,16440045,2715.249267578125,2732.7476517367027,2699.7506987519564,2717.749036743636,4892822,4943.65869140625,4943.65869140625,4898.745691637995,4900.88417341846,3890187,1056.5,1062.5,1048.5,1062.0,32114459.0,4211.75146484375,4253.739018018076,4195.756206491626,4246.741092489022,3664203
2025-08-28,11810.0,11916.0,11770.0,11908.0,1255394,955.73388671875,958.9336776198102,951.9341617247751,955.333951000452,10650943,2715.249267578125,2729.247974904987,2701.250560251263,2724.7483904070673,3394153,4929.75732421875,4957.5605180839775,4899.815160235804,4953.283554324286,1890813,1058.5,1069.0,1039.5,1057.0,20205964.0,4144.771484375,4209.752223999789,4113.780670092408,4203.754001880578,6392912
2025-08-29,11790.0,11858.0,11786.0,11858.0,1041551,946.6345825195312,952.9341348987182,942.7348276495433,951.9342040121508,21949401,2723.74853515625,2747.2463657642425,2716.7491813581246,2719.748904414464,5073789,4974.669921875,4999.265390922042,4928.687682815719,4937.242586115748,3856388,1070.0,1081.10400390625,1056.0,1061.0,51650668.0,4183.76025390625,4203.7543291937345,4147.770918388776,4162.76647485439,2492699
2025-09-01,11850.0,11946.0,11764.0,11888.0,808650,953.5340576171875,954.5510161232698,946.5115938625304,947.434503694432,8507247,2716.749267578125,2731.247929477235,2709.050026979458,2722.7487138812053,3248001,4987.50244140625,5005.424188113052,4967.184911576603,5003.5430076825805,1950201,1100.0,1102.0,1076.071044921875,1079.0,15566490.0,4154.7685546875,4203.754035722073,4139.772999268753,4193.756998776242,1251628
2025-09-02,11904.0,12034.0,11810.0,11842.0,1047973,946.4345703125,956.9338444681061,946.4345703125,952.9341209802562,16297718,2730.247802734375,2763.7447085727204,2714.7492343614094,2721.7485878201683,4889674,5055.94189453125,5090.161510379802,4954.352776159263,4968.25437303827,3003345,1069.0,1100.5,1066.0,1100.5,15091640.0,4088.788330078125,4109.782108790017,4031.8052164315595,4098.785367559979,3525741
2025-09-03,12210.0,12222.0,11944.0,11976.0,2746169,954.7339477539062,958.4337040445636,946.1345669969705,948.0343989623269,19749274,2693.751220703125,2756.7454029244677,2690.751497740204,2734.7474345297132,7444586,5092.30029296875,5098.716226585156,5032.415967438984,5049.5257747332025,3326755,1082.0,1083.5,1064.5,1070.5,9038193.0,4089.7880859375,4108.782457395044,4031.8052678039444,4096.786012263963,3768384
2025-09-04,12188.0,12256.0,12132.0,12204.0,1241306,961.3335571289062,962.7334237200419,949.5343241081356,952.0341512683096,14119124,2687.751708984375,2701.2504619870865,2675.0509779645527,2682.2522170203074,7942239,5134.0048828125,5141.490545272655,5084.8144328696935,5092.300095329849,2960610,1069.5,1085.0,1064.5,1084.5,9666835.0,4128.7763671875,4157.7677750926905,4058.7971067266953,4092.787033236229,2201260
2025-09-05,12090.0,12202.0,12086.0,12170.0,1828847,962.9334106445312,981.7320984592342,960.1336164646283,969.9329266097562,19995092,2627.25732421875,2692.251320821688,2625.033408544724,2681.2523367811905,8368499,5099.78564453125,5155.392520167969,5081.606595709482,5144.699134356766,3387927,1075.5,1090.0,1066.5,1070.0,16485511.0,4131.77587890625,4147.771139990813,4079.7912803814193,4142.772620901887,2712045
2025-09-08,11970.0,12130.0,11840.0,12130.0,1168085,969.73291015625,970.8328706916996,960.5335342815392,963.3333894401856,14270323,2638.75634765625,2663.754039468075,2629.2572247677567,2655.754778088291,7757302,5021.72216796875,5054.872542150636,5012.098023282996,5051.664331176098,2605183,1092.5,1095.5,1079.5,1084.0,16031675.0,4130.77587890625,4162.766398781613,4111.781507730253,4133.774990144565,2014084
2025-09-09,11976.0,12010.0,11888.0,11998.0,983897,978.9323120117188,978.9323120117188,964.1333474888218,967.733074172711,23018289,2664.25390625,2673.25307500821,2631.256954136564,2633.756723236067,7942183,4946.8671875,5028.1387763620805,4934.0348313638815,5028.1387763620805,2395055,1087.0,1090.5,1071.5,1087.5,18980678.0,4153.76904296875,4164.765784117404,4127.7767457082955,4139.773190597736,1604229
2025-09-10,11914.0,12064.0,11912.0,12008.0,1129592,996.7310791015625,998.9309392219524,984.9319070406638,989.931561391124,25164805,2655.7548828125,2665.753959931523,2637.2565901423072,2651.7552519648907,9229460,4937.24267578125,4982.155674803153,4920.13286887046,4958.629934419737,2035159,1099.5,1103.5,1085.0,1100.0,27928350.0,4131.77587890625,4184.760181248866,4121.778840728398,4158.76788198645,1858917
2025-09-11,11956.0,12002.0,11894.0,11936.0,1267493,1011.7300415039062,1011.7300415039062,997.7310093315982,999.9308694505769,31309384,2644.755859375,2684.2522134185965,2638.2564593425095,2661.754290229206,7204499,4955.421875,4980.017345245347,4928.687922944373,4950.0751822364455,2846060,1123.5,1123.5,1097.0,1103.5,37670289.0,4198.75537109375,4198.75537109375,4138.773151506696,4175.762186918712,2723655
2025-09-12,11794.0,11986.0,11772.0,11930.0,1925210,1006.9303588867188,1011.9900065109896,1005.7304296689488,1011.3300790082304,13702254,2636.756591796875,2663.7540995627132,2629.257284084142,2631.75705332172,10408670,4951.14453125,5002.473954671754,4951.14453125,4981.08669491269,3551110,1130.0,1140.6689453125,1112.25,1122.0,28261200.0,4158.767578125,4217.099412984802,4149.770244422326,4212.751580341045,3144706
2025-09-15,11414.0,11690.0,11338.83984375,11656.0,3189911,1013.1299438476562,1015.729739630967,1008.3302880002715,1015.729739630967,27834908,2626.257568359375,2641.7561376757926,2610.259045194041,2629.757245301792,5987439,4905.16162109375,4949.130857062111,4892.3292657082,4949.005379934915,7321197,1145.5,1154.5,1134.0,1135.0,97142991.0,4130.77587890625,4185.75958494203,4106.782988999727,4181.76076995761,4275782
2025-09-16,11346.0,11502.0,11332.0,11400.0,4005429,1001.5307006835938,1015.1297966684737,999.630868714213,1014.3298642060536,31676336,2636.756591796875,2639.756314881968,2614.452742539914,2633.2569148642665,6184722,4857.04052734375,4886.982690630601,4844.208171649385,4873.08109402117,2912501,1130.5,1150.0,1123.5,1146.0,28533986.0,4089.7880859375,4121.778606287047,4070.7937144799557,4105.783346112274,2448009
2025-09-17,11396.0,11400.0,11246.0,11338.0,1404446,1014.7297973632812,1017.9295882358283,1003.7305581976682,1006.5303523245464,17301410,2605.75927734375,2649.75521295508,2598.2599701372733,2646.255536258724,7243439,4875.2197265625,4884.844359809203,4833.51493544496,4855.971436544847,1962904,1116.0,1142.0,1116.0,1130.5,26338500.0,4095.7861328125,4117.779614609394,4075.7920584516874,4090.7876142222967,4064410
2025-09-18,11248.0,11450.0,11224.0,11424.0,2290770,1018.7295532226562,1023.1992759260254,1010.9301046805663,1014.7298297620013,18697468,2622.2578125,2637.256427252145,2605.2974648678382,2607.259197747855,9887601,4865.59521484375,4880.566539940567,4835.653052887955,4875.219359127224,4033974,1129.5,1140.0,1124.0,1132.5,31819855.0,4064.79541015625,4132.775264531711,4049.361995520817,4116.7800046786615,3798618
2025-09-19,11304.0,11444.0,11288.0,11382.0,4377013,1027.72900390625,1030.5287371239106,1014.1299073644454,1022.7292884917678,69619169,2612.2587890625,2639.75625,2608.188120018352,2631.7569886363635,22421970,4869.873046875,4898.745970218156,4838.861641629769,4839.930882580807,9561254,1150.0,1154.0,1133.0,1146.0,26641257.0,4029.8056640625,4100.784627631946,4029.4027073171587,4067.7944051278373,14786685
2025-09-22,11500.0,11514.0,11246.0,11282.0,1463375,1031.5286865234375,1031.7287459394965,1021.5293775767934,1025.929097925692,15552133,2614.258544921875,2626.757390518174,2603.259560797132,2618.2581755126903,8288254,4791.8095703125,4865.595494455805,4781.116184546974,4847.41644571169,2213513,1149.0,1159.0,1144.0,1151.0,16104573.0,3969.823486328125,4031.805117189959,3952.8285230272995,4011.8110427183997,2920821
2025-09-23,11258.0,11448.0,11248.0,11432.0,1477037,1036.7283935546875,1045.1277153648043,1030.5287488116537,1032.3286732348936,21629074,2644.755859375,2664.7540133211246,2618.7582592450376,2624.7577054288754,12203609,4762.9365234375,4796.086897274856,4755.451348891851,4769.35294531989,2309666,1164.0,1172.0,1144.0,1151.5,16716981.0,3895.845458984375,3970.823239180379,3884.848717888961,3960.8262018209116,2960308
2025-09-24,11210.0,11242.0,11102.0,11198.0,1431392,1037.1282958984375,1040.3281480625938,1020.9294639051062,1028.1289176661692,17202902,2672.753173828125,2679.7525274445848,2626.75742149139,2635.2566365970906,15441161,4765.07568359375,4789.671154727795,4749.035116485646,4771.491617494268,4861923,1173.5,1177.0,1153.5880126953125,1173.0,45546085.0,3893.845947265625,3951.828762398207,3849.8589840615973,3933.834095632923,3695119
2025-09-25,10956.0,11186.0,10956.0,11164.0,1788993,1025.1290283203125,1029.1287516021894,1019.129504428431,1023.9291601604965,26504526,2698.750732421875,2701.7504553552817,2668.7535030878043,2669.7534107322736,6752067,4757.58984375,4807.523882206888,4741.549277237859,4747.965699137858,2629451,1170.5,1179.0,1152.5,1172.0,11992714.0,3932.83447265625,3963.82528827708,3903.843064494829,3910.840990602758,3605183
2025-09-26,11000.0,11020.0,10784.0,10900.0,1552339,1038.728271484375,1041.809967715233,1023.7292468994369,1024.9291761899447,18576509,2733.24755859375,2739.2470044878646,2707.2499597192527,2717.249036209444,9441387,4718.0234375,4765.075406910603,4697.705419558687,4739.4106963230015,3087348,1182.5,1191.0,1172.0,1174.5,19971099.0,3938.832763671875,3948.8298011431234,3894.845798798382,3918.838688729378,2602922
2025-09-29,11088.0,11188.0,10976.0,11050.0,2264944,1039.9281005859375,1049.5274124866637,1039.9281005859375,1040.5280346931318,17737370,2695.7509765625,2737.747097117257,2687.751715504451,2722.7484826334153,6529905,4691.28955078125,4714.815291692338,4663.485869808671,4678.457195310333,2482840,1163.5,1196.0,1163.5,1193.5,17770213.0,3919.83837890625,3962.825639883799,3891.84667408366,3953.8283061908232,2948988
2025-09-30,11182.0,11258.0,10922.0,11034.0,2361749,1044.927734375,1050.9273194527511,1040.3280768944317,1044.72779703049,27347228,2646.255615234375,2688.751690672675,2630.667943445762,2672.7531681547266,11695440,4705.19140625,4712.6770694130455,4643.173966127414,4670.971789776512,3828964,1190.0,1194.0,1166.0,1168.0,19770482.0,3945.83056640625,3945.83056640625,3904.842714056958,3912.840343783649,3545749
2025-10-01,12436.0,12462.0,11460.0751953125,11488.0,4372321,1050.7274169921875,1056.9269396202717,1040.9280455484416,1042.9279073074204,39206708,2680.25244140625,2687.751748740907,2649.255304423003,2649.7552582453136,8954446,4675.2490234375,4727.647686655322,4654.931493283883,4712.676849266454,2557280,1177.0,1191.4549560546875,1155.0,1190.0,28677057.0,3904.8427734375,3961.058047254697,3901.8436622443837,3943.831218948013,2334884
2025-10-02,12454.0,12750.0,12356.0,12720.0,3183803,1043.52783203125,1059.7267853703163,1043.52783203125,1054.9270683672137,15501057,2670.25341796875,2687.25184826475,2669.7534641365146,2674.7530024588677,4925823,4688.08154296875,4689.150783911523,4637.821359803969,4651.723445011503,2366820,1167.5,1188.0,1164.0,1184.5,10318067.0,3856.450439453125,3877.4474472904376,3780.4612682323736,3877.4474472904376,5221552
2025-10-03,12650.0,12666.7060546875,12412.0,12452.0,2234625,1061.7266845703125,1064.3264805129363,1048.7275827953151,1048.7275827953151,12222495,2702.25048828125,2706.2501189762083,2669.2535350478433,2669.2535350478433,4386953,4696.63623046875,4712.6767968223485,4659.2084050563035,4689.15056773869,1734425,1168.5,1182.5,1168.0,1175.0,30233521.0,3814.456298828125,3864.4491729936312,3805.457581478334,3833.453591011017,4609050
2025-10-06,12726.0,12866.0,12687.0,12716.0,2970877,1056.9268798828125,1067.7261815956717,1054.7270808970184,1063.926395643626,13155817,2736.747314453125,2737.74722213104,2713.749437861082,2717.7490685727416,6207026,4637.8212890625,4683.804019516936,4631.405355265855,4660.278277945419,2341747,1154.5,1174.5,1154.5,1171.0,35037725.0,3784.460693359375,3834.4535690972793,3775.4619757265523,3803.4579861397788,3217415
2025-10-07,12780.0,12832.0,12676.0,12700.0,1597439,1049.9273681640625,1059.3267423485715,1047.1275130242109,1053.727154130737,12102834,2778.743408203125,2800.741376889872,2754.24567034743,2799.7414692222924,7855845,4658.13916015625,4664.555581987311,4630.869611493166,4652.7924674556,2620208,1153.5,1161.0,1146.0,1154.5,12463634.0,3853.45068359375,3890.4454099281998,3805.4575251058154,3805.4575251058154,4111512
2025-10-08,12806.0,12972.0,12774.1201171875,12806.0,2932465,1065.92626953125,1067.3261971118638,1049.727438837793,1050.527310268237,13581808,2763.744873046875,2790.242427003366,2747.746349903333,2773.243996163353,8206993,4676.318359375,4699.844589198565,4641.040244110576,4662.416762609002,2457666,1152.5,1174.5,1146.5,1165.0,11928408.0,3836.453125,3881.446711297889,3825.4546927938495,3870.4482790917386,3566829
2025-10-09,12940.0,12940.0,12738.5556640625,12744.0,2356449,1008.5302124023438,1024.9291024539814,990.3315200908354,999.8308629916284,55784487,2776.24365234375,2801.7412979892624,2766.621493941832,2781.2431907056152,6164237,4727.6474609375,4737.271605102122,4681.665221823047,4681.665221823047,3289592,1155.0,1166.0,1137.0,1149.5,9279117.0,3830.4541015625,3882.4466918212447,3809.457093958007,3865.449114236655,6877029
2025-10-10,12782.0,12926.0,12758.0,12794.0,4525646,993.831298828125,1008.3302961910674,991.4314403694706,991.9314057957789,24770338,2695.7509765625,2767.2443722688126,2688.2516693205794,2752.245757784971,8258446,4796.0869140625,4820.682384301329,4767.21399196639,4769.352962013958,3099740,1138.5,1155.0,1124.0,1154.5,14957492.0,3844.4521484375,3852.4510085642883,3815.4562804778934,3849.4514360167427,11192474
2025-10-13,12724.0,12910.0,12610.0,12830.0,1233986,992.0313720703125,995.8311581258183,983.9319565960728,986.6317820977979,36635020,2696.7509765625,2714.74931455958,2681.252407731681,2704.7502378945355,8635236,4786.462890625,4831.375892144612,4766.144871729048,4831.375892144612,3849200,1128.5,1142.0,1118.5,1138.0,42174375.0,3787.460205078125,3861.449659981974,3787.460205078125,3855.45051498977,7424612
2025-10-14,12738.0,12808.0,12642.0,12724.0,2583306,996.131103515625,999.2308646714698,978.9322810599679,987.831689845614,16883442,2685.751953125,2700.750567904179,2665.253846260122,2691.7513990366715,4906155,4874.150390625,4874.150390625,4814.2660633671,4834.584082174782,3336503,1124.0,1128.0,1087.0,1121.0,81873639.0,3828.454345703125,3843.4522081177365,3676.4760065683968,3797.458763379595,7268053
2025-10-15,12644.0,12703.474609375,12434.0,12684.0,1646380,988.6316528320312,1001.9307210550174,988.6316528320312,997.930997617672,19080476,2691.25146484375,2701.7504952657673,2679.4986439583895,2684.252111229072,5490755,4819.61328125,4875.219668747283,4786.462906348422,4874.150427811845,4794709,1112.5,1128.5,1110.0,1126.0,19816863.0,3795.458984375,3842.452285814838,3749.465540412605,3839.4527133825077,2625398
2025-10-16,12554.0,12612.0,12364.0,12456.0,1378244,989.0316162109375,992.2813915946457,983.3320589781073,983.8320244217548,19988801,2676.2529296875,2695.7511296235757,2676.2529296875,2681.2524681326477,4893952,4908.3701171875,4908.3701171875,4807.626625331338,4837.79240258517,2548586,1140.0,1140.5,1105.0,1106.0,11168396.0,3821.455322265625,3821.455322265625,3776.461735268777,3793.4593125786973,2683052
2025-10-17,12558.0,12576.0,12358.0,12522.0,1792327,964.2333374023438,978.9323335753936,959.2197069071294,973.9326791648962,34438548,2690.75146484375,2690.75146484375,2628.2572372135996,2643.255851844836,6539523,4988.572265625,5005.68158487795,4876.289276026036,4905.161709988381,2826564,1103.0,1125.5,1094.0,1115.5,19048138.0,3834.453369140625,3841.4523713789517,3784.460496009717,3809.456932575171,8480523
2025-10-20,12564.0,12712.0,12564.0,12668.0,1245522,969.73291015625,987.9316635327775,963.8333548569531,987.9316635327775,28094856,2710.749755859375,2722.748648175979,2683.252294300492,2686.2520173796424,8850426,4982.15576171875,4998.19632803691,4928.687858308685,4930.826340090919,1860339,1127.0,1134.5,1121.9949951171875,1128.5,31791253.0,3799.45849609375,3837.4530810546876,3797.458781095806,3830.4540785618833,12856451
2025-10-21,12474.0,12550.0,12442.0,12468.0,1399376,984.931884765625,991.4314352742307,982.6320560226133,990.1315373786966,20782243,2716.749267578125,2733.2477449115954,2705.2503288305547,2715.749359860945,4445116,4957.560546875,4972.531873072355,4927.61887095604,4957.560546875,2659785,1134.5,1142.0,1121.5,1134.0,27696732.0,3732.468017578125,3823.455049348714,3716.470297706373,3805.4576144929933,3062819
2025-10-22,12540.0,12628.0,12382.0,12398.0,4968839,991.0314331054688,996.5740795458363,986.7317426910054,988.7316043750288,34911896,2760.7451171875,2766.744563295115,2738.247194283944,2739.2471019685463,8546153,4975.73974609375,4980.017197825542,4914.78569273733,4955.421728308276,3387395,1102.5,1146.0,1102.5,1142.0,79387850.0,3807.457275390625,3819.455565123999,3732.4679645570386,3765.463261323817,11110875
2025-10-23,12496.0,12566.2998046875,12432.0,12432.0,1297691,992.7313232421875,998.1309741769438,987.1317349646835,990.6314928958571,9226736,2840.23779296875,2861.8349202440104,2812.2403776534447,2816.7399622576904,10191698,5009.95947265625,5076.2597318716535,4947.936177031015,4972.5316471016,3006938,1108.5,1118.5,1104.0,1111.0,18429552.0,3862.449462890625,3893.4450449122683,3787.4601515479385,3818.455733569582,2871319
2025-10-24,12532.0,12582.0,12416.0,12530.0,1424817,1003.9306030273438,1004.930533906853,989.627575614675,999.0309173053731,23420356,2850.73681640625,2852.7366317807896,2826.7390319117744,2827.2389857554094,7816609,5014.23681640625,5022.791719877899,4938.311926035912,4938.311926035912,3456198,1121.0,1123.0,1094.0,1122.0,21565435.0,3899.444091796875,3956.4960170176396,3844.451931527945,3848.4513613656854,7327993
2025-10-27,12546.0,12616.0,12446.0,12530.0,1465043,1003.9306030273438,1004.7305355247637,979.732263537031,979.8322932435444,20138478,2831.738525390625,2854.73640183271,2817.739817991095,2852.2366326542224,7109771,4991.77978515625,5021.7219470463415,4971.4622557663515,5003.542899386817,1782471,,,,,,3910.442626953125,3956.4360712997996,3890.4454772371796,3899.4441946093552,4345023
2025-10-28,12406.0,12708.0,12406.0,12586.0,1501366,1050.1273193359375,1050.7273754894295,1025.3291077412323,1032.528560964434,39662605,2832.738525390625,2842.237648578486,2805.7410173830194,2815.740094422873,6681379,4952.2138671875,5032.4162148821515,4942.589722170747,5025.9997927123995,4019733,1146.0,1155.5,1108.5,1120.0,30780865.0,3927.440185546875,3950.4369076109224,3864.4491642410057,3884.4463138619167,4942542
2025-10-29,12560.0,12688.0,12424.0,12500.0,946767,1073.3258056640625,1073.3258056640625,1056.1269216969886,1057.3269119617828,34404972,2875.234619140625,2881.734019253445,2830.238772205717,2830.238772205717,11999775,4929.75732421875,4976.80929619195,4912.112895758533,4956.491277144055,2241101,1159.5,1162.0,1126.0,1139.0,45110443.0,3919.44140625,3960.43556381537,3919.44140625,3945.4377012914542,3760575
2025-10-30,12546.0,12556.0,12364.0,12456.0,1214684,1069.72607421875,1073.0007501093212,1054.327114686664,1058.9267721931644,57197819,2882.73388671875,2902.7320406328586,2849.087090405498,2902.7320406328586,8804685,4925.4794921875,4941.520058000195,4892.3291197046865,4898.745541324898,2010934,1168.0,1182.0,1152.5,1159.0,45387839.0,3893.445068359375,3924.44065056768,3863.44934364166,3917.441648133547,5157831
2025-10-31,12470.0,12586.0,12424.0,12562.0,1089094,1063.3265380859375,1063.3265380859375,1053.1271697204775,1058.7268803816132,30043594,2847.237060546875,2874.73452118429,2830.1116889325644,2852.2365988445868,10109313,4907.30078125,4937.24294497643,4884.844280514644,4925.479830024437,1825393,1167.0,1181.0,1156.5,1173.0,12397146.0,3903.443603515625,3927.4401830454344,3885.446168868268,3885.446168868268,2259233
2025-11-03,12364.0,12584.009765625,12350.0,12546.0,1848389,1068.9261474609375,1070.9970493033682,1060.1267065897346,1060.1267065897346,31605934,2841.237548828125,2889.233115375283,2829.2386571913353,2866.735193556303,12938795,4915.85546875,4932.965275840411,4875.219432791351,4885.913306341781,1959902,1165.0,1181.0,1165.0,1177.0,77114242.0,4007.4287109375,4007.4287109375,3913.442109433477,3917.4415392847122,7127016
2025-11-04,12528.0,12530.0,12240.0,12448.0,1233596,1074.9256591796875,1074.9256591796875,1050.9273188817224,1065.7263442235492,18548038,2837.738037109375,2840.237806345729,2787.742652382289,2826.2390986221453,8798137,4953.283203125,4955.421684853222,4866.664440137402,4904.092264521833,2222960,1147.5,1159.0,1137.0,1148.5,47146762.0,4049.4228515625,4061.4211414930555,3982.4323994502315,3994.430689380787,5386655
2025-11-05,12450.0,12596.2197265625,12436.0,12528.0,1818602,1085.7249755859375,1087.724837304046,1066.326292507909,1068.1260948170834,48668461,2863.235595703125,2873.734626174535,2817.7397969936815,2817.7397969936815,7483378,4972.53173828125,4992.849756896379,4944.728056770358,4959.699382561884,3121972,1157.0,1159.5,1140.0,1142.0,44744588.0,4141.40966796875,4152.4081002110615,4038.4243478816466,4056.4217824599755,6267658
2025-11-06,12834.0,12994.0,12330.0,12570.0,3100862,1088.800048828125,1099.4000244140625,1085.800048828125,1091.4000244140625,20937878,2849.73681640625,2869.7349695038374,2830.2386171361018,2857.736077645285,10771845,4912.0146484375,4917.36181640625,4860.6806640625,4904.5283203125,5318031,1131.5,1160.0,1131.5,1160.0,21460016.0,4158.4072265625,4166.40608633949,4116.413212733304,4141.4096495363965,8511059
2025-11-07,12900.0,12940.0,12714.0,12788.0,3536657,1070.800048828125,1087.4000244140625,1067.4000244140625,1082.199951171875,15947148,2848.737060546875,2859.736045336631,2822.239506280644,2839.737891173438,10823812,4938.7509765625,4951.58447265625,4870.3056640625,4883.13916015625,2474115,1138.5,1142.592041015625,1116.5,1126.5,39724795.0,4129.41162109375,4160.4072046903375,4116.413473133891,4139.410196447488,3401445
2025-11-10,13126.0,13206.0,12840.0,12904.0,3313530,1089.0,1090.0,1077.4000244140625,1087.0,29367426,2869.235107421875,2889.2332611589154,2851.236769058539,2885.7335842549332,9743504,4907.73681640625,4947.306640625,4864.95849609375,4945.16748046875,4737103,1161.0,1171.5,1125.0,1153.0,44449275.0,4163.40673828125,4170.405740963279,4118.413149611064,4120.412864663072,5936112
2025-11-11,13466.0,13508.0,13284.0,13400.0,2223275,1099.4000244140625,1102.5999755859375,1093.5999755859375,1098.800048828125,50198780,2931.229248046875,2937.2286938897137,2891.732896248188,2909.7312337767034,9902024,4929.1259765625,4950.51513671875,4926.98681640625,4946.2373046875,4135260,1152.5,1169.0,1133.5,1163.5,26863472.0,4243.39501953125,4285.389032448383,4235.396159927986,4249.394164233698,8541414
2025-11-12,13518.0,13548.0,13390.0,13548.0,1841863,1117.4000244140625,1119.5999755859375,1107.5999755859375,1111.0,22563979,2908.7314453125,2936.2289065521336,2908.7314453125,2929.2295527820447,10376151,4928.056640625,4930.1953125,4884.84619140625,4900.25048828125,3342026,1152.5,1162.0,1136.7540283203125,1147.0,12189972.0,4240.3955078125,4270.391231753641,4221.398215983111,4234.396363024272,4664008
2025-11-13,13494.0,13506.0,13318.0,13440.0,1535199,1120.0,1126.199951171875,1115.4000244140625,1120.0,18564403,2859.5,2885.0,2859.5,2878.5,10096437,4881.00048828125,4921.6396484375,4844.6962890625,4910.9453125,1829825,1120.5,1163.5,1120.4439697265625,1136.0,15919881.0,4146.4091796875,4252.394077938495,4146.2021779331035,4244.395217693136,3056641
2025-11-14,13532.0,13574.0,13408.0,13464.0,1348061,1104.4000244140625,1108.5999755859375,1087.800048828125,1105.199951171875,15838483,2858.0,2877.0,2830.0,2861.5,5089214,4780.47119140625,4870.3056640625,4780.47119140625,4845.7080078125,3059511,1106.0,1112.5,1083.0,1094.0,19588033.0,4071.419677734375,4147.408846572246,4044.4235256472366,4147.408846572246,4130291
2025-11-17,13592.0,13660.0,13520.0,13530.0,1324704,1093.4000244140625,1104.199951171875,1089.4000244140625,1093.0,19457711,2858.0,2866.5,2848.5,2864.0,22186675,4776.193359375,4800.791015625,4741.970703125,4766.568359375,4460227,1094.5,1107.5,1090.0,1102.5,45034243.0,4158.4072265625,4176.4046610607265,4091.4167759302113,4097.415920762954,5483038
2025-11-18,13566.0,13884.0,13465.7685546875,13800.0,1654756,1056.0,1074.800048828125,1044.0999755859375,1069.4000244140625,30842126,2817.5,2842.0,2799.5,2838.0,16931602,4781.541015625,4800.791015625,4762.29052734375,4777.26318359375,3812324,1073.5,1088.5,1057.5,1072.0,26758325.0,4127.41162109375,4215.39907813257,4125.411906161049,4147.408770420754,5244452
2025-11-19,13596.0,13742.0,13503.615234375,13560.0,1594300,1047.5999755859375,1055.5999755859375,1045.0,1055.199951171875,23028425,2794.0,2855.0,2779.0,2846.0,19329734,4789.02685546875,4825.388671875,4775.1240234375,4790.0966796875,5122536,1066.5,1080.0,1050.5,1066.5,43673771.0,4172.4052734375,4199.4014254583035,4126.411829253909,4147.408836381201,4943108
2025-11-20,13650.0,13788.0,13595.6611328125,13604.0,1656623,1044.4000244140625,1061.0050048828125,1041.4000244140625,1060.4000244140625,18437032,2813.5,2837.0,2800.0,2819.0,9405920,4793.3046875,4806.13818359375,4768.70751953125,4789.02685546875,6696919,1079.0,1102.75,1075.5,1078.5,46535648.0,4182.40380859375,4197.401670685288,4157.407371774519,4196.401813212519,2245837
2025-11-21,13820.0,13836.0,13508.0,13508.0,3044890,1041.4000244140625,1041.4000244140625,1027.800048828125,1031.4000244140625,23467600,2785.0,2790.5,2760.0,2780.0,11519296,4903.458984375,4914.1533203125,4815.763671875,4833.9443359375,3221072,1038.0,1058.0,1020.5,1053.0,31928007.0,4226.3974609375,4249.394182395168,4170.405443475352,4183.403590386208,4089842
2025-11-24,13934.0,13970.0,13820.0,13932.0,3131678,1048.0,1058.4000244140625,1043.5999755859375,1051.5999755859375,46402510,2772.0,2784.0,2759.280029296875,2777.0,19348794,4836.0830078125,4914.1533203125,4835.599609375,4903.458984375,5848967,1029.0,1039.7950439453125,1019.5,1034.0,37006312.0,4195.40185546875,4280.389738622907,4194.401998019877,4258.392874747713,11028045
2025-11-25,14100.0,14142.0,13852.0,13874.0,2169015,1050.5999755859375,1055.5999755859375,1040.800048828125,1049.5999755859375,17698053,2766.0,2799.0,2753.5,2782.0,16559063,4868.1669921875,4911.84326171875,4815.763671875,4825.388671875,2617697,1045.0,1045.0,1018.5,1027.0,36425525.0,4313.38525390625,4317.384683905236,4159.407198945294,4159.407198945294,8676426
2025-11-26,14148.0,14206.0,14024.0,14162.0,2008651,1064.4000244140625,1066.199951171875,1047.800048828125,1047.800048828125,35711938,2766.5,2777.0,2748.5,2756.5,12831725,4835.013671875,4861.75,4801.8603515625,4856.40283203125,4158968,1058.0,1060.0,1044.0,1054.5,27451942.0,4356.37890625,4356.37890625,4301.386746542919,4330.382612570289,5809892
2025-11-27,14012.0,14164.0,13940.0,14070.0,1037265,1065.0,1066.4000244140625,1059.0,1061.0,22059489,2753.0,2766.0,2740.0,2757.5,4778729,4833.9443359375,4836.0830078125,4797.58251953125,4829.66650390625,6950711,1058.5,1062.0,1050.5,1058.0,71113326.0,4339.38134765625,4378.375788337954,4288.388617534022,4367.377356350807,1541390
2025-11-28,13974.0,14058.0,13920.0,14002.0,1719274,1070.199951171875,1074.0,1061.4000244140625,1064.0,11338813,2783.5,2794.0,2763.5,2763.5,7551151,4859.611328125,4878.861328125,4817.90234375,4869.236328125,3949176,1068.0,1078.0,1060.5,1062.0,10706611.0,4420.3701171875,4426.369262336363,4341.3813727274655,4350.380090450761,2895042
2025-12-01,13836.0,14092.0,13798.0,13966.0,2063349,1079.5999755859375,1080.800048828125,1067.4000244140625,1074.4000244140625,15364889,2800.5,2820.5,2779.5,2781.0,15867668,4875.65283203125,4931.37158203125,4858.54150390625,4859.611328125,3530264,1037.0,1061.1590576171875,1033.0,1053.5,16524198.0,4407.37158203125,4425.369015896169,4374.376286612232,4398.3728650987905,2303609
2025-12-02,13800.0,13820.0,13646.0,13714.0,1678958,1087.800048828125,1090.199951171875,1078.4000244140625,1080.5999755859375,11188925,2788.5,2813.0,2779.5,2807.0,43519123,4794.37451171875,4893.833984375,4770.84619140625,4893.833984375,6199402,1046.0,1055.0,1034.5,1035.0,15439786.0,4393.3740234375,4422.369892049172,4366.377869902495,4412.371316665837,2814533
2025-12-03,13694.0,13826.0,13596.0,13698.0,1966626,1070.199951171875,1083.199951171875,1069.4000244140625,1082.199951171875,13763900,2799.0,2815.0,2788.0,2791.0,4395505,4762.29052734375,4811.48583984375,4743.04052734375,4796.51318359375,6609120,1063.0,1072.5,1037.0,1045.0,23002430.0,4341.38134765625,4417.37051910302,4341.38134765625,4373.3767882654165,2662384
2025-12-04,13514.0,13662.0,13452.0,13612.0,1868518,1074.4000244140625,1077.800048828125,1067.800048828125,1076.199951171875,12431340,2799.5,2820.0,2791.5,2816.0,4394848,4735.55419921875,4765.4990234375,4697.0537109375,4719.51220703125,2444690,1091.0,1093.5,1060.0,1074.0,38390962.0,4341.38134765625,4404.372371355546,4281.389896514063,4289.388756666355,4384363
2025-12-05,13592.0,13688.0,13542.0,13560.0,1501116,1062.0,1076.4000244140625,1062.0,1075.800048828125,10538178,2760.0,2789.5,2748.5,2771.0,5555202,4765.4990234375,4770.84619140625,4714.1650390625,4731.2763671875,3494084,1084.5,1115.5,1073.0,1111.0,21149587.0,4282.3896484375,4343.380955594794,4264.3922135386265,4330.382808167829,2345247
2025-12-08,13578.0,13702.0,13476.0,13580.0,3939740,1064.5999755859375,1065.7459716796875,1049.199951171875,1049.800048828125,14089393,2750.0,2766.5,2733.0,2742.5,3555701,4680.0,4917.375,4637.25,4884.75,4327257,1107.0,1112.0,1090.0,1093.5,22298645.0,4316.384765625,4316.384765625,4258.393031456307,4277.390323683982,2853765
2025-12-09,13592.0,13794.0,13568.0,13758.0,1232581,1068.0,1068.199951171875,1056.0,1058.4000244140625,14459901,2734.5,2752.0,2729.0,2731.5,5743587,4846.5,4887.5,4641.5,4679.5,4599250,1111.0,1127.0,1105.5,1118.5,13290156.0,4302.38671875,4316.384723412445,4084.4177890062165,4250.394130003777,4289194
2025-12-10,13514.0,13848.0,13472.0,13482.0,2485928,1102.199951171875,1105.5999755859375,1068.0,1083.0,37977483,2709.0,2740.5,2708.0,2727.5,8282468,4820.0,4836.5,4799.0,4799.0,3348477,1106.0,1121.0,1099.0,1100.5,16792081.0,4398.373046875,4398.373046875,4290.388439222693,4291.388296700955,3485491
2025-12-11,13596.0,13688.0,13485.09765625,13618.0,1284701,1112.5999755859375,1112.5999755859375,1095.4000244140625,1097.0,15570442,2707.0,2719.5,2697.5,2704.5,6872137,4853.5,4853.5,4724.0,4725.5,2907722,1100.0,1109.5,1092.5,1099.0,12288673.0,4383.375,4405.371863594891,4347.38013229927,4387.3744297445255,1632880
2025-12-12,13444.0,13536.0,13362.0,13502.0,1443781,1111.800048828125,1134.5999755859375,1108.199951171875,1128.199951171875,15170467,2686.5,2712.0,2685.5,2707.0,14881878,4835.5,4846.5,4794.0,4832.5,3532745,1096.5,1120.0,1095.52001953125,1105.0,18270550.0,4237.39599609375,4381.375473072868,4211.399701639187,4374.376470719716,2837600
2025-12-15,13612.0,13638.0,13376.0,13412.0,2467869,1124.800048828125,1128.800048828125,1116.800048828125,1117.4000244140625,13943415,2698.5,2719.0,2698.337890625,2704.5,4483219,4845.0,4874.5,4835.0,4844.5,2877107,1114.0,1115.5,1091.875,1099.0,11200685.0,4296.3876953125,4312.385415378825,4245.394962601088,4280.389975246175,2625143
2025-12-16,13506.0,13836.0,13448.0,13744.0,3264200,1111.800048828125,1122.0,1106.4000244140625,1115.5999755859375,18247185,2626.5,2700.0,2606.0,2683.0,9614157,4793.5,4879.54296875,4779.0,4869.5,2745845,1098.0,1109.0,1086.5,1100.0,12562649.0,4277.39013671875,4317.450342968894,4269.391277183045,4287.388711138383,2819248
2025-12-17,13554.0,13682.0,13534.0,13574.0,2468903,1141.800048828125,1159.800048828125,1124.5999755859375,1133.5999755859375,30213047,2657.5,2693.5,2657.341064453125,2660.0,11097058,4881.5,4895.5,4779.0,4781.5,4124399,1102.0,1129.5,1101.0,1108.0,23721040.0,4281.3896484375,4314.384944653856,4262.392356676568,4269.3913589042795,3128933
2025-12-18,13548.0,13596.0,13376.0,13500.0,4516004,1150.4000244140625,1150.4000244140625,1133.5999755859375,1139.5999755859375,28049337,2662.0,2684.0,2648.800048828125,2677.0,14033747,4890.0,4930.0,4845.5,4926.0,11834434,1144.0,1149.0,1104.0,1107.5,16842155.0,4284.38916015625,4330.5324836904,4235.39614525598,4274.390585686807,6373126
2025-12-19,13672.0,15474.3603515625,13508.0,13574.0,10404657,1167.0,1167.0,1147.0,1151.5999755859375,67934094,2703.0,2703.0,2657.0,2666.0,22532782,4890.0,5542.10986328125,4855.5,4861.5,18555792,1170.0,1178.0,1144.5,1148.5,33928637.0,4235.396484375,4876.225092466424,4193.40246824097,4277.390500509029,29522036
2025-12-22,13632.0,13632.0,13476.0,13592.0,1451404,1167.199951171875,1171.800048828125,1159.199951171875,1162.199951171875,11365505,2705.0,2714.5,2690.5,2690.5,7810023,4840.5,4882.0,4832.5,4882.0,3740755,1155.0,1174.7060546875,1141.5,1169.0,11681038.0,4218.39892578125,4244.395221602609,4192.402629959891,4199.401632681026,4082261
2025-12-23,13736.0,13806.0,13604.0,13612.0,1083104,1175.199951171875,1178.4000244140625,1162.4000244140625,1165.0,22629381,2702.0,2707.0,2686.0,2687.0,5162567,4857.5,4866.0,4822.7099609375,4825.5,2707957,1160.0,1163.0,1146.0,1155.0,19343519.0,4218.39892578125,4245.3950791341995,4206.400635402161,4210.4000655285245,1284414
2025-12-24,13674.0,13742.0,13612.0,13742.0,688287,1175.4000244140625,1179.4000244140625,1171.0,1177.4000244140625,15865201,2698.0,2716.5,2697.0,2702.5,1428260,4838.0,4860.0,4821.5,4860.0,965125,1149.5,1160.5,1146.5,1160.5,2526464.0,4214.3994140625,4240.031991682018,4197.401836354537,4231.396991770463,309137
2025-12-29,13748.0,13806.0,13680.0,13736.0,1490651,1166.0,1174.800048828125,1163.199951171875,1163.5999755859375,13441395,2706.0,2718.5,2694.5,2695.0,3782323,4860.0,4880.0,4827.0,4860.0,1856866,1137.0,1149.5,1132.0,1147.0,14374265.0,4170.0,4185.0,4132.0,4167.0,1208438
2025-12-30,13750.0,13798.0,13692.0,13712.0,950400,1175.5999755859375,1181.199951171875,1168.0,1171.5999755859375,18567249,2731.5,2741.0,2709.0,2709.5,4683155,4856.0,4867.5,4834.5,4834.5,972638,1153.0,1155.0,1131.0,1131.0,8603715.0,4195.0,4198.0,4148.0,4161.0,1128811
2025-12-31,13790.0,13844.0,13722.0,13768.0,393830,1173.800048828125,1177.0,1168.4000244140625,1168.5999755859375,4149720,2740.0,2743.5,2729.5,2738.5,1867219,4859.5,4875.0,4853.0,4863.5,740510,1150.0,1156.0,1144.0,1152.0,3474648.0,4214.0,4220.0,4198.0,4204.0,584295
2026-01-02,13592.0,13918.0,13592.0,13722.0,3980672,1191.800048828125,1200.0,1180.800048828125,1185.5999755859375,12849183,2759.5,2781.5,2737.0,2742.0,5989767,4822.5,4878.5,4798.5,4851.5,2104974,1197.0,1198.0,1155.780029296875,1160.0,37950885.0,4189.0,4206.0,4099.0,4169.0,5010611
2026-01-05,13384.0,13650.0,13278.0,13644.0,1632002,1207.199951171875,1209.5999755859375,1193.800048828125,1198.0,23450809,2738.0,2795.5,2722.0,2784.0,8432601,4699.0,4824.5,4658.5,4822.5,2719572,1231.5,1240.0,1197.0,1214.0,27313622.0,4067.0,4208.0,4039.0,4197.0,2071078
2026-01-06,14038.0,14114.0,13384.0,13400.0,2054017,1217.4000244140625,1227.199951171875,1212.0,1219.5999755859375,23682476,2747.0,2786.5,2747.0,2767.5,6173059,4744.0,4770.0,4656.5,4681.0,3602559,1244.5,1269.5,1234.5,1246.0,20949415.0,4036.0,4076.0,4036.0,4060.0,2358935
2026-01-07,14148.0,14258.0,14038.0,14050.0,210891,1207.0,1216.0,1206.199951171875,1214.800048828125,1553369,2641.5,2705.0,2639.623046875,2686.0,4145738,4714.5,4753.39306640625,4689.0,4744.0,216114,1247.0,1262.030029296875,1243.5,1251.0,1569990.0,4004.0,4018.0,3967.0,4007.0,347442
